Voornaam	Achternaam	Tussenvoegsel	Email
Sem	Jong	de	sck.dejong@student.avans.nl
Tess	Jansen		tk.jansen@student.avans.nl
Levi	Vries	de	lz.devries@student.avans.nl
Sophie	Berg	van de	s.vandeberg@student.avans.nl
Bram	Berg	van den	bg.vandenberg@student.avans.nl
Julia	Berg	van der	jgj.vanderberg@student.avans.nl
Daan	Dijk	van	dh.vandijk@student.avans.nl
Emma	Bakker		emt.bakker@student.avans.nl
Finn	Janssen		ftt.janssen@student.avans.nl
Lisa	Visser		lh.visser@student.avans.nl
Milan	Smit		m.smit@student.avans.nl
Fenna	Meijer		fdp.meijer@student.avans.nl
Lucas	Meyer		lm.meyer@student.avans.nl
Mila	Boer	de	m.deboer@student.avans.nl
Luuk	Mulder		le.mulder@student.avans.nl
Sara	Groot	de	s.degroot@student.avans.nl
Jesse	Bos		jb.bos@student.avans.nl
Lotte	Vos		lih.vos@student.avans.nl
Jayden	Peters		jw.peters@student.avans.nl
ZoÃ«	Hendriks		zlw.hendriks@student.avans.nl
Tim	Leeuwen	van	txb.vanleeuwen@student.avans.nl
Eva	Dekker		edj.dekker@student.avans.nl
Thomas	Brouwer		t.brouwer@student.avans.nl
Anna	Wit	de	a.dewit@student.avans.nl
Thijs	Dijkstra		tyj.dijkstra@student.avans.nl
Fleur	Smits		fuj.smits@student.avans.nl
Noah	Graaf	de	nz.degraaf@student.avans.nl
Isa	Meer	van der	iav.vandermeer@student.avans.nl
Julian	Linden	van der	j.vanderlinden@student.avans.nl
Lynn	Kok		lfb.kok@student.avans.nl
Ruben	Jacobs		r.jacobs@student.avans.nl
Evi	Haan	de	e.dehaan@student.avans.nl
Liam	Vermeulen		lg.vermeulen@student.avans.nl
Lieke	Heuvel	van den	lj.vandenheuvel@student.avans.nl
Lars	Veen	van de	l.vandeveen@student.avans.nl
Saar	Veen	van der	s.vanderveen@student.avans.nl
Stijn	Broek	van den	sd.vandenbroek@student.avans.nl
Noa	Bruijn	de	n.debruijn@student.avans.nl
Sam	Bruyn	de	skh.debruyn@student.avans.nl
Sanne	Bruin	de	sf.debruin@student.avans.nl
Max	Heijden	van der	m.vanderheijden@student.avans.nl
Roos	Heyden	van der	r.vanderheyden@student.avans.nl
Mees	Schouten		mb.schouten@student.avans.nl
Sarah	Beek	van	szb.vanbeek@student.avans.nl
Sven	Willems		sp.willems@student.avans.nl
Maud	Vliet	van	mhh.vanvliet@student.avans.nl
Siem	Ven	van de	sl.vandeven@student.avans.nl
Olivia	Ven	van der	ow.vanderven@student.avans.nl
Benjamin	Hoekstra		b.hoekstra@student.avans.nl
Elin	Maas		e.maas@student.avans.nl
