Email	Voornaam	Tussenvoegsel	Achternaam
sck.dejong@student.avans.nl	Sem	de	Jong
tk.jansen@student.avans.nl	Tess		Jansen
lz.devries@student.avans.nl	Levi	de	Vries
s.vandeberg@student.avans.nl	Sophie	van de	Berg
bg.vandenberg@student.avans.nl	Bram	van den	Berg
jgj.vanderberg@student.avans.nl	Julia	van der	Berg
dh.vandijk@student.avans.nl	Daan	van	Dijk
emt.bakker@student.avans.nl	Emma		Bakker
ftt.janssen@student.avans.nl	Finn		Janssen
lh.visser@student.avans.nl	Lisa		Visser
m.smit@student.avans.nl	Milan		Smit
fdp.meijer@student.avans.nl	Fenna		Meijer
lm.meyer@student.avans.nl	Lucas		Meyer
m.deboer@student.avans.nl	Mila	de	Boer
le.mulder@student.avans.nl	Luuk		Mulder
s.degroot@student.avans.nl	Sara	de	Groot
jb.bos@student.avans.nl	Jesse		Bos
lih.vos@student.avans.nl	Lotte		Vos
jw.peters@student.avans.nl	Jayden		Peters
zlw.hendriks@student.avans.nl	ZoÃ«		Hendriks
txb.vanleeuwen@student.avans.nl	Tim	van	Leeuwen
edj.dekker@student.avans.nl	Eva		Dekker
t.brouwer@student.avans.nl	Thomas		Brouwer
a.dewit@student.avans.nl	Anna	de	Wit
tyj.dijkstra@student.avans.nl	Thijs		Dijkstra
fuj.smits@student.avans.nl	Fleur		Smits
nz.degraaf@student.avans.nl	Noah	de	Graaf
iav.vandermeer@student.avans.nl	Isa	van der	Meer
j.vanderlinden@student.avans.nl	Julian	van der	Linden
lfb.kok@student.avans.nl	Lynn		Kok
r.jacobs@student.avans.nl	Ruben		Jacobs
e.dehaan@student.avans.nl	Evi	de	Haan
lg.vermeulen@student.avans.nl	Liam		Vermeulen
lj.vandenheuvel@student.avans.nl	Lieke	van den	Heuvel
l.vandeveen@student.avans.nl	Lars	van de	Veen
s.vanderveen@student.avans.nl	Saar	van der	Veen
sd.vandenbroek@student.avans.nl	Stijn	van den	Broek
n.debruijn@student.avans.nl	Noa	de	Bruijn
skh.debruyn@student.avans.nl	Sam	de	Bruyn
sf.debruin@student.avans.nl	Sanne	de	Bruin
m.vanderheijden@student.avans.nl	Max	van der	Heijden
r.vanderheyden@student.avans.nl	Roos	van der	Heyden
mb.schouten@student.avans.nl	Mees		Schouten
szb.vanbeek@student.avans.nl	Sarah	van	Beek
sp.willems@student.avans.nl	Sven		Willems
mhh.vanvliet@student.avans.nl	Maud	van	Vliet
sl.vandeven@student.avans.nl	Siem	van de	Ven
ow.vanderven@student.avans.nl	Olivia	van der	Ven
b.hoekstra@student.avans.nl	Benjamin		Hoekstra
e.maas@student.avans.nl	Elin		Maas
